Datetime,Water Level (m)
2026-04-26 18:00:00,0.44988343
2026-04-26 19:00:00,0.20435484
2026-04-26 20:00:00,0.0066122306
2026-04-26 21:00:00,-0.16265963
2026-04-26 22:00:00,-0.3045389
2026-04-26 23:00:00,-0.4222886
2026-04-27 00:00:00,-0.4718789
2026-04-27 01:00:00,-0.2466497
2026-04-27 02:00:00,0.10372007
2026-04-27 03:00:00,0.41144136
2026-04-27 04:00:00,0.650649
2026-04-27 05:00:00,0.75592875
2026-04-27 06:00:00,0.6656277
2026-04-27 07:00:00,0.39897525
2026-04-27 08:00:00,0.1756763
2026-04-27 09:00:00,-0.012415308
2026-04-27 10:00:00,-0.16292068
2026-04-27 11:00:00,-0.2690728
2026-04-27 12:00:00,-0.28132865
2026-04-27 13:00:00,-0.038762346
2026-04-27 14:00:00,0.27039808
2026-04-27 15:00:00,0.5573678
2026-04-27 16:00:00,0.79118943
2026-04-27 17:00:00,0.8718068
2026-04-27 18:00:00,0.77239734
2026-04-27 19:00:00,0.5074176
2026-04-27 20:00:00,0.26160452
2026-04-27 21:00:00,0.049871046
2026-04-27 22:00:00,-0.12501955
2026-04-27 23:00:00,-0.2688029
2026-04-28 00:00:00,-0.38544843
2026-04-28 01:00:00,-0.4036542
2026-04-28 02:00:00,-0.057000503
2026-04-28 03:00:00,0.31633484
2026-04-28 04:00:00,0.6232946
2026-04-28 05:00:00,0.84982574
2026-04-28 06:00:00,0.9280367
2026-04-28 07:00:00,0.773378
2026-04-28 08:00:00,0.48158246
2026-04-28 09:00:00,0.24905173
2026-04-28 10:00:00,0.052213237
2026-04-28 11:00:00,-0.10895347
2026-04-28 12:00:00,-0.23246364
2026-04-28 13:00:00,-0.2909776
2026-04-28 14:00:00,-0.024548236
2026-04-28 15:00:00,0.35680017
2026-04-28 16:00:00,0.66865116
2026-04-28 17:00:00,0.88083106
2026-04-28 18:00:00,0.90971947
2026-04-28 19:00:00,0.67988926
2026-04-28 20:00:00,0.39558282
2026-04-28 21:00:00,0.16615686
2026-04-28 22:00:00,-0.034747936
2026-04-28 23:00:00,-0.20007703
2026-04-29 00:00:00,-0.34237775
2026-04-29 01:00:00,-0.43859783
2026-04-29 02:00:00,-0.2522409
2026-04-29 03:00:00,0.15902011
2026-04-29 04:00:00,0.48027238
2026-04-29 05:00:00,0.74829656
2026-04-29 06:00:00,0.896721
2026-04-29 07:00:00,0.892015
2026-04-29 08:00:00,0.65570456
2026-04-29 09:00:00,0.37852576
2026-04-29 10:00:00,0.15923685
2026-04-29 11:00:00,-0.034633555
2026-04-29 12:00:00,-0.19392169
2026-04-29 13:00:00,-0.32289463
2026-04-29 14:00:00,-0.34460044
2026-04-29 15:00:00,0.05277278
2026-04-29 16:00:00,0.43631765
2026-04-29 17:00:00,0.74517024
2026-04-29 18:00:00,0.93410534
2026-04-29 19:00:00,0.89631295
2026-04-29 20:00:00,0.60056627
2026-04-29 21:00:00,0.3257013
2026-04-29 22:00:00,0.10349072
2026-04-29 23:00:00,-0.08682446
2026-04-30 00:00:00,-0.24525201
2026-04-30 01:00:00,-0.38247907
2026-04-30 02:00:00,-0.4478517
2026-04-30 03:00:00,-0.12157467
2026-04-30 04:00:00,0.31264287
2026-04-30 05:00:00,0.6773102
2026-04-30 06:00:00,0.9667352
2026-04-30 07:00:00,1.0807112
2026-04-30 08:00:00,0.95318717
2026-04-30 09:00:00,0.62613374
2026-04-30 10:00:00,0.36298716
2026-04-30 11:00:00,0.1488719
2026-04-30 12:00:00,-0.0379886
2026-04-30 13:00:00,-0.19023207
2026-04-30 14:00:00,-0.3025572
2026-04-30 15:00:00,-0.17240879
2026-04-30 16:00:00,0.29354018
2026-04-30 17:00:00,0.64919466
2026-04-30 18:00:00,0.93073136
2026-04-30 19:00:00,1.0052657
2026-04-30 20:00:00,0.79012436
2026-04-30 21:00:00,0.47452176
2026-04-30 22:00:00,0.22202292
2026-04-30 23:00:00,0.0073277312
2026-05-01 00:00:00,-0.17172514
2026-05-01 01:00:00,-0.32798633
2026-05-01 02:00:00,-0.44927692
2026-05-01 03:00:00,-0.4231565
2026-05-01 04:00:00,0.05258208
2026-05-01 05:00:00,0.46382114
2026-05-01 06:00:00,0.82768613
2026-05-01 07:00:00,1.0528194
2026-05-01 08:00:00,1.0559171
2026-05-01 09:00:00,0.77882147
2026-05-01 10:00:00,0.47396997
2026-05-01 11:00:00,0.22972503
2026-05-01 12:00:00,0.030193852
2026-05-01 13:00:00,-0.1456029
2026-05-01 14:00:00,-0.28750873
2026-05-01 15:00:00,-0.3567571
2026-05-01 16:00:00,-0.028479615
2026-05-01 17:00:00,0.37698683
2026-05-01 18:00:00,0.69439244
2026-05-01 19:00:00,0.89263797
2026-05-01 20:00:00,0.85984075
2026-05-01 21:00:00,0.5782855
2026-05-01 22:00:00,0.30558485
2026-05-01 23:00:00,0.07501615
2026-05-02 00:00:00,-0.12004707
2026-05-02 01:00:00,-0.28331703
2026-05-02 02:00:00,-0.42821226
2026-05-02 03:00:00,-0.52116764
2026-05-02 04:00:00,-0.28847736
2026-05-02 05:00:00,0.17754483
2026-05-02 06:00:00,0.5629368
2026-05-02 07:00:00,0.89222604
2026-05-02 08:00:00,1.0431633
2026-05-02 09:00:00,0.9278377
2026-05-02 10:00:00,0.6018816
2026-05-02 11:00:00,0.33356932
2026-05-02 12:00:00,0.10966529
2026-05-02 13:00:00,-0.086834095
2026-05-02 14:00:00,-0.24314043
2026-05-02 15:00:00,-0.36331517
2026-05-02 16:00:00,-0.2879629
2026-05-02 17:00:00,0.16344695
2026-05-02 18:00:00,0.509785
